Mrs. Kailyn Osinski,43,https://s3.amazonaws.com/uifaces/faces/twitter/okansurreel/128.jpg,79980
Adaline Rice,28,https://s3.amazonaws.com/uifaces/faces/twitter/knilob/128.jpg,90379
Ethelyn Erdman,79,https://s3.amazonaws.com/uifaces/faces/twitter/ffbel/128.jpg,33582
Ms. Oscar Bruen,55,https://s3.amazonaws.com/uifaces/faces/twitter/ostirbu/128.jpg,14447
Virgie Collins,16,https://s3.amazonaws.com/uifaces/faces/twitter/sebashton/128.jpg,56504
Pinkie Champlin,36,https://s3.amazonaws.com/uifaces/faces/twitter/fabbrucci/128.jpg,88009
Guillermo Bayer,3,https://s3.amazonaws.com/uifaces/faces/twitter/dutchnadia/128.jpg,23303
Priscilla Roob,73,https://s3.amazonaws.com/uifaces/faces/twitter/stevedesigner/128.jpg,30092
Newell Douglas,31,https://s3.amazonaws.com/uifaces/faces/twitter/tjrus/128.jpg,28182
Larissa Stroman,65,https://s3.amazonaws.com/uifaces/faces/twitter/teddyzetterlund/128.jpg,44825
